cups,date,time,consumptionKWh,obtainMethod,surplusEnergyKWh,generationEnergyKWh,selfConsumptionEnergyKWh
ES0021000000488639HR,2025/03/01,01:00,0.033,,,,
ES0021000000488639HR,2025/03/01,02:00,0.047,,,,
ES0021000000488639HR,2025/03/01,03:00,0.04,,,,
ES0021000000488639HR,2025/03/01,04:00,0.038,,,,
ES0021000000488639HR,2025/03/01,05:00,0.049,,,,
ES0021000000488639HR,2025/03/01,06:00,0.09,,,,
ES0021000000488639HR,2025/03/01,07:00,0.057,,,,
ES0021000000488639HR,2025/03/01,08:00,0.395,,,,
ES0021000000488639HR,2025/03/01,09:00,0.109,,,,
ES0021000000488639HR,2025/03/01,10:00,0.035,,,,
ES0021000000488639HR,2025/03/01,11:00,0.311,,,,
ES0021000000488639HR,2025/03/01,12:00,0.535,,,,
ES0021000000488639HR,2025/03/01,13:00,0.115,,,,
ES0021000000488639HR,2025/03/01,14:00,0.686,,,,
ES0021000000488639HR,2025/03/01,15:00,0.213,,,,
ES0021000000488639HR,2025/03/01,16:00,0.383,,,,
ES0021000000488639HR,2025/03/01,17:00,0.16,,,,
ES0021000000488639HR,2025/03/01,18:00,0.141,,,,
ES0021000000488639HR,2025/03/01,19:00,0.145,,,,
ES0021000000488639HR,2025/03/01,20:00,0.182,,,,
ES0021000000488639HR,2025/03/01,21:00,0.072,,,,
ES0021000000488639HR,2025/03/01,22:00,1.362,,,,
ES0021000000488639HR,2025/03/01,23:00,1.831,,,,
ES0021000000488639HR,2025/03/01,24:00,1.185,,,,
ES0021000000488639HR,2025/03/02,01:00,0.154,,,,
ES0021000000488639HR,2025/03/02,02:00,0.068,,,,
ES0021000000488639HR,2025/03/02,03:00,0.034,,,,
ES0021000000488639HR,2025/03/02,04:00,0.044,,,,
ES0021000000488639HR,2025/03/02,05:00,0.101,,,,
ES0021000000488639HR,2025/03/02,06:00,0.05,,,,
ES0021000000488639HR,2025/03/02,07:00,0.045,,,,
ES0021000000488639HR,2025/03/02,08:00,0.033,,,,
ES0021000000488639HR,2025/03/02,09:00,0.43,,,,
ES0021000000488639HR,2025/03/02,10:00,0.278,,,,
ES0021000000488639HR,2025/03/02,11:00,0.035,,,,
ES0021000000488639HR,2025/03/02,12:00,0.169,,,,
ES0021000000488639HR,2025/03/02,13:00,0.116,,,,
ES0021000000488639HR,2025/03/02,14:00,0.57,,,,
ES0021000000488639HR,2025/03/02,15:00,0.441,,,,
ES0021000000488639HR,2025/03/02,16:00,0.516,,,,
ES0021000000488639HR,2025/03/02,17:00,0.128,,,,
ES0021000000488639HR,2025/03/02,18:00,0.12,,,,
ES0021000000488639HR,2025/03/02,19:00,0.15,,,,
ES0021000000488639HR,2025/03/02,20:00,1.271,,,,
ES0021000000488639HR,2025/03/02,21:00,1.958,,,,
ES0021000000488639HR,2025/03/02,22:00,0.264,,,,
ES0021000000488639HR,2025/03/02,23:00,0.191,,,,
ES0021000000488639HR,2025/03/02,24:00,0.184,,,,
ES0021000000488639HR,2025/03/03,01:00,0.039,,,,
ES0021000000488639HR,2025/03/03,02:00,0.045,,,,
ES0021000000488639HR,2025/03/03,03:00,0.075,,,,
ES0021000000488639HR,2025/03/03,04:00,0.054,,,,
ES0021000000488639HR,2025/03/03,05:00,0.055,,,,
ES0021000000488639HR,2025/03/03,06:00,0.487,,,,
ES0021000000488639HR,2025/03/03,07:00,0.149,,,,
ES0021000000488639HR,2025/03/03,08:00,0.03,,,,
ES0021000000488639HR,2025/03/03,09:00,0.038,,,,
ES0021000000488639HR,2025/03/03,10:00,0.043,,,,
ES0021000000488639HR,2025/03/03,11:00,0.118,,,,
ES0021000000488639HR,2025/03/03,12:00,0.42,,,,
ES0021000000488639HR,2025/03/03,13:00,0.043,,,,
ES0021000000488639HR,2025/03/03,14:00,0.034,,,,
ES0021000000488639HR,2025/03/03,15:00,0.029,,,,
ES0021000000488639HR,2025/03/03,16:00,0.407,,,,
ES0021000000488639HR,2025/03/03,17:00,1.561,,,,
ES0021000000488639HR,2025/03/03,18:00,0.114,,,,
ES0021000000488639HR,2025/03/03,19:00,0.094,,,,
ES0021000000488639HR,2025/03/03,20:00,1.04,,,,
ES0021000000488639HR,2025/03/03,21:00,1.289,,,,
ES0021000000488639HR,2025/03/03,22:00,1.609,,,,
ES0021000000488639HR,2025/03/03,23:00,0.09,,,,
ES0021000000488639HR,2025/03/03,24:00,0.157,,,,
ES0021000000488639HR,2025/03/04,01:00,0.112,,,,
ES0021000000488639HR,2025/03/04,02:00,0.086,,,,
ES0021000000488639HR,2025/03/04,03:00,0.096,,,,
ES0021000000488639HR,2025/03/04,04:00,0.058,,,,
ES0021000000488639HR,2025/03/04,05:00,0.033,,,,
ES0021000000488639HR,2025/03/04,06:00,0.035,,,,
ES0021000000488639HR,2025/03/04,07:00,0.118,,,,
ES0021000000488639HR,2025/03/04,08:00,0.519,,,,
ES0021000000488639HR,2025/03/04,09:00,0.035,,,,
ES0021000000488639HR,2025/03/04,10:00,0.043,,,,
ES0021000000488639HR,2025/03/04,11:00,0.072,,,,
ES0021000000488639HR,2025/03/04,12:00,0.028,,,,
ES0021000000488639HR,2025/03/04,13:00,0.042,,,,
ES0021000000488639HR,2025/03/04,14:00,0.38,,,,
ES0021000000488639HR,2025/03/04,15:00,0.273,,,,
ES0021000000488639HR,2025/03/04,16:00,0.765,,,,
ES0021000000488639HR,2025/03/04,17:00,0.161,,,,
ES0021000000488639HR,2025/03/04,18:00,0.863,,,,
ES0021000000488639HR,2025/03/04,19:00,1.186,,,,
ES0021000000488639HR,2025/03/04,20:00,0.684,,,,
ES0021000000488639HR,2025/03/04,21:00,0.632,,,,
ES0021000000488639HR,2025/03/04,22:00,1.504,,,,
ES0021000000488639HR,2025/03/04,23:00,0.949,,,,
ES0021000000488639HR,2025/03/04,24:00,0.054,,,,
ES0021000000488639HR,2025/03/05,01:00,0.049,,,,
ES0021000000488639HR,2025/03/05,02:00,0.087,,,,
ES0021000000488639HR,2025/03/05,03:00,0.042,,,,
ES0021000000488639HR,2025/03/05,04:00,0.033,,,,
ES0021000000488639HR,2025/03/05,05:00,0.031,,,,
ES0021000000488639HR,2025/03/05,06:00,0.043,,,,
ES0021000000488639HR,2025/03/05,07:00,0.101,,,,
ES0021000000488639HR,2025/03/05,08:00,0.54,,,,
ES0021000000488639HR,2025/03/05,09:00,0.086,,,,
ES0021000000488639HR,2025/03/05,10:00,0.055,,,,
ES0021000000488639HR,2025/03/05,11:00,0.071,,,,
ES0021000000488639HR,2025/03/05,12:00,0.044,,,,
ES0021000000488639HR,2025/03/05,13:00,0.081,,,,
ES0021000000488639HR,2025/03/05,14:00,0.47,,,,
ES0021000000488639HR,2025/03/05,15:00,0.194,,,,
ES0021000000488639HR,2025/03/05,16:00,0.133,,,,
ES0021000000488639HR,2025/03/05,17:00,1.796,,,,
ES0021000000488639HR,2025/03/05,18:00,0.669,,,,
ES0021000000488639HR,2025/03/05,19:00,0.092,,,,
ES0021000000488639HR,2025/03/05,20:00,0.561,,,,
ES0021000000488639HR,2025/03/05,21:00,1.402,,,,
ES0021000000488639HR,2025/03/05,22:00,0.824,,,,
ES0021000000488639HR,2025/03/05,23:00,0.105,,,,
ES0021000000488639HR,2025/03/05,24:00,0.064,,,,
ES0021000000488639HR,2025/03/06,01:00,0.089,,,,
ES0021000000488639HR,2025/03/06,02:00,0.064,,,,
ES0021000000488639HR,2025/03/06,03:00,0.038,,,,
ES0021000000488639HR,2025/03/06,04:00,0.052,,,,
ES0021000000488639HR,2025/03/06,05:00,0.04,,,,
ES0021000000488639HR,2025/03/06,06:00,0.469,,,,
ES0021000000488639HR,2025/03/06,07:00,0.109,,,,
ES0021000000488639HR,2025/03/06,08:00,0.045,,,,
ES0021000000488639HR,2025/03/06,09:00,0.566,,,,
ES0021000000488639HR,2025/03/06,10:00,0.172,,,,
ES0021000000488639HR,2025/03/06,11:00,0.107,,,,
ES0021000000488639HR,2025/03/06,12:00,0.032,,,,
ES0021000000488639HR,2025/03/06,13:00,0.654,,,,
ES0021000000488639HR,2025/03/06,14:00,0.086,,,,
ES0021000000488639HR,2025/03/06,15:00,0.077,,,,
ES0021000000488639HR,2025/03/06,16:00,0.179,,,,
ES0021000000488639HR,2025/03/06,17:00,1.925,,,,
ES0021000000488639HR,2025/03/06,18:00,1.227,,,,
ES0021000000488639HR,2025/03/06,19:00,0.1,,,,
ES0021000000488639HR,2025/03/06,20:00,0.699,,,,
ES0021000000488639HR,2025/03/06,21:00,1.273,,,,
ES0021000000488639HR,2025/03/06,22:00,1.355,,,,
ES0021000000488639HR,2025/03/06,23:00,0.201,,,,
ES0021000000488639HR,2025/03/06,24:00,0.147,,,,
ES0021000000488639HR,2025/03/07,01:00,0.16,,,,
ES0021000000488639HR,2025/03/07,02:00,0.062,,,,
ES0021000000488639HR,2025/03/07,03:00,0.031,,,,
ES0021000000488639HR,2025/03/07,04:00,0.053,,,,
ES0021000000488639HR,2025/03/07,05:00,0.028,,,,
ES0021000000488639HR,2025/03/07,06:00,0.041,,,,
ES0021000000488639HR,2025/03/07,07:00,0.284,,,,
ES0021000000488639HR,2025/03/07,08:00,0.261,,,,
ES0021000000488639HR,2025/03/07,09:00,0.032,,,,
ES0021000000488639HR,2025/03/07,10:00,0.096,,,,
ES0021000000488639HR,2025/03/07,11:00,0.907,,,,
ES0021000000488639HR,2025/03/07,12:00,1.098,,,,
ES0021000000488639HR,2025/03/07,13:00,0.033,,,,
ES0021000000488639HR,2025/03/07,14:00,0.045,,,,
ES0021000000488639HR,2025/03/07,15:00,0.179,,,,
ES0021000000488639HR,2025/03/07,16:00,0.117,,,,
ES0021000000488639HR,2025/03/07,17:00,0.115,,,,
ES0021000000488639HR,2025/03/07,18:00,0.126,,,,
ES0021000000488639HR,2025/03/07,19:00,1.577,,,,
ES0021000000488639HR,2025/03/07,20:00,1.016,,,,
ES0021000000488639HR,2025/03/07,21:00,0.065,,,,
ES0021000000488639HR,2025/03/07,22:00,0.086,,,,
ES0021000000488639HR,2025/03/07,23:00,1.502,,,,
ES0021000000488639HR,2025/03/07,24:00,0.064,,,,
ES0021000000488639HR,2025/03/08,01:00,0.073,,,,
ES0021000000488639HR,2025/03/08,02:00,0.042,,,,
ES0021000000488639HR,2025/03/08,03:00,0.056,,,,
ES0021000000488639HR,2025/03/08,04:00,0.034,,,,
ES0021000000488639HR,2025/03/08,05:00,0.036,,,,
ES0021000000488639HR,2025/03/08,06:00,0.041,,,,
ES0021000000488639HR,2025/03/08,07:00,0.025,,,,
ES0021000000488639HR,2025/03/08,08:00,0.051,,,,
ES0021000000488639HR,2025/03/08,09:00,0.092,,,,
ES0021000000488639HR,2025/03/08,10:00,1.576,,,,
ES0021000000488639HR,2025/03/08,11:00,0.39,,,,
ES0021000000488639HR,2025/03/08,12:00,0.049,,,,
ES0021000000488639HR,2025/03/08,13:00,0.031,,,,
ES0021000000488639HR,2025/03/08,14:00,0.068,,,,
ES0021000000488639HR,2025/03/08,15:00,0.1,,,,
ES0021000000488639HR,2025/03/08,16:00,0.108,,,,
ES0021000000488639HR,2025/03/08,17:00,0.137,,,,
ES0021000000488639HR,2025/03/08,18:00,0.988,,,,
ES0021000000488639HR,2025/03/08,19:00,1.151,,,,
ES0021000000488639HR,2025/03/08,20:00,0.534,,,,
ES0021000000488639HR,2025/03/08,21:00,0.222,,,,
ES0021000000488639HR,2025/03/08,22:00,0.211,,,,
ES0021000000488639HR,2025/03/08,23:00,0.171,,,,
ES0021000000488639HR,2025/03/08,24:00,1.056,,,,
ES0021000000488639HR,2025/03/09,01:00,1.792,,,,
ES0021000000488639HR,2025/03/09,02:00,0.503,,,,
ES0021000000488639HR,2025/03/09,03:00,0.029,,,,
ES0021000000488639HR,2025/03/09,04:00,0.035,,,,
ES0021000000488639HR,2025/03/09,05:00,0.04,,,,
ES0021000000488639HR,2025/03/09,06:00,0.025,,,,
ES0021000000488639HR,2025/03/09,07:00,0.044,,,,
ES0021000000488639HR,2025/03/09,08:00,0.029,,,,
ES0021000000488639HR,2025/03/09,09:00,0.032,,,,
ES0021000000488639HR,2025/03/09,10:00,0.039,,,,
ES0021000000488639HR,2025/03/09,11:00,0.936,,,,
ES0021000000488639HR,2025/03/09,12:00,0.33,,,,
ES0021000000488639HR,2025/03/09,13:00,0.194,,,,
ES0021000000488639HR,2025/03/09,14:00,0.367,,,,
ES0021000000488639HR,2025/03/09,15:00,0.982,,,,
ES0021000000488639HR,2025/03/09,16:00,0.75,,,,
ES0021000000488639HR,2025/03/09,17:00,0.153,,,,
ES0021000000488639HR,2025/03/09,18:00,0.146,,,,
ES0021000000488639HR,2025/03/09,19:00,0.137,,,,
ES0021000000488639HR,2025/03/09,20:00,0.182,,,,
ES0021000000488639HR,2025/03/09,21:00,1.697,,,,
ES0021000000488639HR,2025/03/09,22:00,0.437,,,,
ES0021000000488639HR,2025/03/09,23:00,1.908,,,,
ES0021000000488639HR,2025/03/09,24:00,0.743,,,,
ES0021000000488639HR,2025/03/10,01:00,0.048,,,,
ES0021000000488639HR,2025/03/10,02:00,0.111,,,,
ES0021000000488639HR,2025/03/10,03:00,0.071,,,,
ES0021000000488639HR,2025/03/10,04:00,0.039,,,,
ES0021000000488639HR,2025/03/10,05:00,0.04,,,,
ES0021000000488639HR,2025/03/10,06:00,0.029,,,,
ES0021000000488639HR,2025/03/10,07:00,0.107,,,,
ES0021000000488639HR,2025/03/10,08:00,0.495,,,,
ES0021000000488639HR,2025/03/10,09:00,0.108,,,,
ES0021000000488639HR,2025/03/10,10:00,0.031,,,,
ES0021000000488639HR,2025/03/10,11:00,0.044,,,,
ES0021000000488639HR,2025/03/10,12:00,0.027,,,,
ES0021000000488639HR,2025/03/10,13:00,0.09,,,,
ES0021000000488639HR,2025/03/10,14:00,0.048,,,,
ES0021000000488639HR,2025/03/10,15:00,0.457,,,,
ES0021000000488639HR,2025/03/10,16:00,0.131,,,,
ES0021000000488639HR,2025/03/10,17:00,0.115,,,,
ES0021000000488639HR,2025/03/10,18:00,0.094,,,,
ES0021000000488639HR,2025/03/10,19:00,0.039,,,,
ES0021000000488639HR,2025/03/10,20:00,1.526,,,,
ES0021000000488639HR,2025/03/10,21:00,0.635,,,,
ES0021000000488639HR,2025/03/10,22:00,1.756,,,,
ES0021000000488639HR,2025/03/10,23:00,0.358,,,,
ES0021000000488639HR,2025/03/10,24:00,0.093,,,,
ES0021000000488639HR,2025/03/11,01:00,0.08,,,,
ES0021000000488639HR,2025/03/11,02:00,0.054,,,,
ES0021000000488639HR,2025/03/11,03:00,0.038,,,,
ES0021000000488639HR,2025/03/11,04:00,0.04,,,,
ES0021000000488639HR,2025/03/11,05:00,0.03,,,,
ES0021000000488639HR,2025/03/11,06:00,0.045,,,,
ES0021000000488639HR,2025/03/11,07:00,0.576,,,,
ES0021000000488639HR,2025/03/11,08:00,0.039,,,,
ES0021000000488639HR,2025/03/11,09:00,0.181,,,,
ES0021000000488639HR,2025/03/11,10:00,0.047,,,,
ES0021000000488639HR,2025/03/11,11:00,0.419,,,,
ES0021000000488639HR,2025/03/11,12:00,0.053,,,,
ES0021000000488639HR,2025/03/11,13:00,0.074,,,,
ES0021000000488639HR,2025/03/11,14:00,0.046,,,,
ES0021000000488639HR,2025/03/11,15:00,0.029,,,,
ES0021000000488639HR,2025/03/11,16:00,0.105,,,,
ES0021000000488639HR,2025/03/11,17:00,0.51,,,,
ES0021000000488639HR,2025/03/11,18:00,1.115,,,,
ES0021000000488639HR,2025/03/11,19:00,1.173,,,,
ES0021000000488639HR,2025/03/11,20:00,1.431,,,,
ES0021000000488639HR,2025/03/11,21:00,0.17,,,,
ES0021000000488639HR,2025/03/11,22:00,0.093,,,,
ES0021000000488639HR,2025/03/11,23:00,0.1,,,,
ES0021000000488639HR,2025/03/11,24:00,0.117,,,,
ES0021000000488639HR,2025/03/12,01:00,0.05,,,,
ES0021000000488639HR,2025/03/12,02:00,0.028,,,,
ES0021000000488639HR,2025/03/12,03:00,0.422,,,,
ES0021000000488639HR,2025/03/12,04:00,0.026,,,,
ES0021000000488639HR,2025/03/12,05:00,0.042,,,,
ES0021000000488639HR,2025/03/12,06:00,0.032,,,,
ES0021000000488639HR,2025/03/12,07:00,0.108,,,,
ES0021000000488639HR,2025/03/12,08:00,0.078,,,,
ES0021000000488639HR,2025/03/12,09:00,0.58,,,,
ES0021000000488639HR,2025/03/12,10:00,0.073,,,,
ES0021000000488639HR,2025/03/12,11:00,0.051,,,,
ES0021000000488639HR,2025/03/12,12:00,0.036,,,,
ES0021000000488639HR,2025/03/12,13:00,0.037,,,,
ES0021000000488639HR,2025/03/12,14:00,0.03,,,,
ES0021000000488639HR,2025/03/12,15:00,0.081,,,,
ES0021000000488639HR,2025/03/12,16:00,0.028,,,,
ES0021000000488639HR,2025/03/12,17:00,0.046,,,,
ES0021000000488639HR,2025/03/12,18:00,0.599,,,,
ES0021000000488639HR,2025/03/12,19:00,1.426,,,,
ES0021000000488639HR,2025/03/12,20:00,0.116,,,,
ES0021000000488639HR,2025/03/12,21:00,1.591,,,,
ES0021000000488639HR,2025/03/12,22:00,1.818,,,,
ES0021000000488639HR,2025/03/12,23:00,0.576,,,,
ES0021000000488639HR,2025/03/12,24:00,0.114,,,,
ES0021000000488639HR,2025/03/13,01:00,0.062,,,,
ES0021000000488639HR,2025/03/13,02:00,0.027,,,,
ES0021000000488639HR,2025/03/13,03:00,0.048,,,,
ES0021000000488639HR,2025/03/13,04:00,0.028,,,,
ES0021000000488639HR,2025/03/13,05:00,0.041,,,,
ES0021000000488639HR,2025/03/13,06:00,0.036,,,,
ES0021000000488639HR,2025/03/13,07:00,0.091,,,,
ES0021000000488639HR,2025/03/13,08:00,0.051,,,,
ES0021000000488639HR,2025/03/13,09:00,0.505,,,,
ES0021000000488639HR,2025/03/13,10:00,0.027,,,,
ES0021000000488639HR,2025/03/13,11:00,0.09,,,,
ES0021000000488639HR,2025/03/13,12:00,0.049,,,,
ES0021000000488639HR,2025/03/13,13:00,0.026,,,,
ES0021000000488639HR,2025/03/13,14:00,0.045,,,,
ES0021000000488639HR,2025/03/13,15:00,0.064,,,,
ES0021000000488639HR,2025/03/13,16:00,0.119,,,,
ES0021000000488639HR,2025/03/13,17:00,0.116,,,,
ES0021000000488639HR,2025/03/13,18:00,0.985,,,,
ES0021000000488639HR,2025/03/13,19:00,0.051,,,,
ES0021000000488639HR,2025/03/13,20:00,2.286,,,,
ES0021000000488639HR,2025/03/13,21:00,1.789,,,,
ES0021000000488639HR,2025/03/13,22:00,0.573,,,,
ES0021000000488639HR,2025/03/13,23:00,0.053,,,,
ES0021000000488639HR,2025/03/13,24:00,0.041,,,,
ES0021000000488639HR,2025/03/14,01:00,0.038,,,,
ES0021000000488639HR,2025/03/14,02:00,0.036,,,,
ES0021000000488639HR,2025/03/14,03:00,0.049,,,,
ES0021000000488639HR,2025/03/14,04:00,0.028,,,,
ES0021000000488639HR,2025/03/14,05:00,0.045,,,,
ES0021000000488639HR,2025/03/14,06:00,0.032,,,,
ES0021000000488639HR,2025/03/14,07:00,0.503,,,,
ES0021000000488639HR,2025/03/14,08:00,0.123,,,,
ES0021000000488639HR,2025/03/14,09:00,0.118,,,,
ES0021000000488639HR,2025/03/14,10:00,0.026,,,,
ES0021000000488639HR,2025/03/14,11:00,0.036,,,,
ES0021000000488639HR,2025/03/14,12:00,0.454,,,,
ES0021000000488639HR,2025/03/14,13:00,0.064,,,,
ES0021000000488639HR,2025/03/14,14:00,0.041,,,,
ES0021000000488639HR,2025/03/14,15:00,0.035,,,,
ES0021000000488639HR,2025/03/14,16:00,0.031,,,,
ES0021000000488639HR,2025/03/14,17:00,0.054,,,,
ES0021000000488639HR,2025/03/14,18:00,1.155,,,,
ES0021000000488639HR,2025/03/14,19:00,0.541,,,,
ES0021000000488639HR,2025/03/14,20:00,0.038,,,,
ES0021000000488639HR,2025/03/14,21:00,0.964,,,,
ES0021000000488639HR,2025/03/14,22:00,1.704,,,,
ES0021000000488639HR,2025/03/14,23:00,0.113,,,,
ES0021000000488639HR,2025/03/14,24:00,0.108,,,,
ES0021000000488639HR,2025/03/15,01:00,0.05,,,,
ES0021000000488639HR,2025/03/15,02:00,0.039,,,,
ES0021000000488639HR,2025/03/15,03:00,0.045,,,,
ES0021000000488639HR,2025/03/15,04:00,0.036,,,,
ES0021000000488639HR,2025/03/15,05:00,0.032,,,,
ES0021000000488639HR,2025/03/15,06:00,0.045,,,,
ES0021000000488639HR,2025/03/15,07:00,0.542,,,,
ES0021000000488639HR,2025/03/15,08:00,0.045,,,,
ES0021000000488639HR,2025/03/15,09:00,0.043,,,,
ES0021000000488639HR,2025/03/15,10:00,0.098,,,,
ES0021000000488639HR,2025/03/15,11:00,0.248,,,,
ES0021000000488639HR,2025/03/15,12:00,1.11,,,,
ES0021000000488639HR,2025/03/15,13:00,0.361,,,,
ES0021000000488639HR,2025/03/15,14:00,0.862,,,,
ES0021000000488639HR,2025/03/15,15:00,0.604,,,,
ES0021000000488639HR,2025/03/15,16:00,1.743,,,,
ES0021000000488639HR,2025/03/15,17:00,1.43,,,,
ES0021000000488639HR,2025/03/15,18:00,0.489,,,,
ES0021000000488639HR,2025/03/15,19:00,0.103,,,,
ES0021000000488639HR,2025/03/15,20:00,0.094,,,,
ES0021000000488639HR,2025/03/15,21:00,0.089,,,,
ES0021000000488639HR,2025/03/15,22:00,1.583,,,,
ES0021000000488639HR,2025/03/15,23:00,0.812,,,,
ES0021000000488639HR,2025/03/15,24:00,0.073,,,,
ES0021000000488639HR,2025/03/16,01:00,0.065,,,,
ES0021000000488639HR,2025/03/16,02:00,0.06,,,,
ES0021000000488639HR,2025/03/16,03:00,0.051,,,,
ES0021000000488639HR,2025/03/16,04:00,0.042,,,,
ES0021000000488639HR,2025/03/16,05:00,0.043,,,,
ES0021000000488639HR,2025/03/16,06:00,0.038,,,,
ES0021000000488639HR,2025/03/16,07:00,0.043,,,,
ES0021000000488639HR,2025/03/16,08:00,0.031,,,,
ES0021000000488639HR,2025/03/16,09:00,0.513,,,,
ES0021000000488639HR,2025/03/16,10:00,0.151,,,,
ES0021000000488639HR,2025/03/16,11:00,0.093,,,,
ES0021000000488639HR,2025/03/16,12:00,0.113,,,,
ES0021000000488639HR,2025/03/16,13:00,0.098,,,,
ES0021000000488639HR,2025/03/16,14:00,0.122,,,,
ES0021000000488639HR,2025/03/16,15:00,1.317,,,,
ES0021000000488639HR,2025/03/16,16:00,0.545,,,,
ES0021000000488639HR,2025/03/16,17:00,0.069,,,,
ES0021000000488639HR,2025/03/16,18:00,1.048,,,,
ES0021000000488639HR,2025/03/16,19:00,1.759,,,,
ES0021000000488639HR,2025/03/16,20:00,0.169,,,,
ES0021000000488639HR,2025/03/16,21:00,1.362,,,,
ES0021000000488639HR,2025/03/16,22:00,0.52,,,,
ES0021000000488639HR,2025/03/16,23:00,0.112,,,,
ES0021000000488639HR,2025/03/16,24:00,0.094,,,,
ES0021000000488639HR,2025/03/17,01:00,0.097,,,,
ES0021000000488639HR,2025/03/17,02:00,0.123,,,,
ES0021000000488639HR,2025/03/17,03:00,0.054,,,,
ES0021000000488639HR,2025/03/17,04:00,0.031,,,,
ES0021000000488639HR,2025/03/17,05:00,0.047,,,,
ES0021000000488639HR,2025/03/17,06:00,0.032,,,,
ES0021000000488639HR,2025/03/17,07:00,0.087,,,,
ES0021000000488639HR,2025/03/17,08:00,0.461,,,,
ES0021000000488639HR,2025/03/17,09:00,0.505,,,,
ES0021000000488639HR,2025/03/17,10:00,0.032,,,,
ES0021000000488639HR,2025/03/17,11:00,0.026,,,,
ES0021000000488639HR,2025/03/17,12:00,0.041,,,,
ES0021000000488639HR,2025/03/17,13:00,0.029,,,,
ES0021000000488639HR,2025/03/17,14:00,0.028,,,,
ES0021000000488639HR,2025/03/17,15:00,0.112,,,,
ES0021000000488639HR,2025/03/17,16:00,1.147,,,,
ES0021000000488639HR,2025/03/17,17:00,0.125,,,,
ES0021000000488639HR,2025/03/17,18:00,0.095,,,,
ES0021000000488639HR,2025/03/17,19:00,0.166,,,,
ES0021000000488639HR,2025/03/17,20:00,1.809,,,,
ES0021000000488639HR,2025/03/17,21:00,1.789,,,,
ES0021000000488639HR,2025/03/17,22:00,0.202,,,,
ES0021000000488639HR,2025/03/17,23:00,0.094,,,,
ES0021000000488639HR,2025/03/17,24:00,0.081,,,,
ES0021000000488639HR,2025/03/18,01:00,0.028,,,,
ES0021000000488639HR,2025/03/18,02:00,0.032,,,,
ES0021000000488639HR,2025/03/18,03:00,0.042,,,,
ES0021000000488639HR,2025/03/18,04:00,0.093,,,,
ES0021000000488639HR,2025/03/18,05:00,0.04,,,,
ES0021000000488639HR,2025/03/18,06:00,0.043,,,,
ES0021000000488639HR,2025/03/18,07:00,0.529,,,,
ES0021000000488639HR,2025/03/18,08:00,0.033,,,,
ES0021000000488639HR,2025/03/18,09:00,0.085,,,,
ES0021000000488639HR,2025/03/18,10:00,0.042,,,,
ES0021000000488639HR,2025/03/18,11:00,0.024,,,,
ES0021000000488639HR,2025/03/18,12:00,0.434,,,,
ES0021000000488639HR,2025/03/18,13:00,0.04,,,,
ES0021000000488639HR,2025/03/18,14:00,0.028,,,,
ES0021000000488639HR,2025/03/18,15:00,0.093,,,,
ES0021000000488639HR,2025/03/18,16:00,0.152,,,,
ES0021000000488639HR,2025/03/18,17:00,0.109,,,,
ES0021000000488639HR,2025/03/18,18:00,1.356,,,,
ES0021000000488639HR,2025/03/18,19:00,2.087,,,,
ES0021000000488639HR,2025/03/18,20:00,1.496,,,,
ES0021000000488639HR,2025/03/18,21:00,0.973,,,,
ES0021000000488639HR,2025/03/18,22:00,0.161,,,,
ES0021000000488639HR,2025/03/18,23:00,0.114,,,,
ES0021000000488639HR,2025/03/18,24:00,0.077,,,,
ES0021000000488639HR,2025/03/19,01:00,0.029,,,,
ES0021000000488639HR,2025/03/19,02:00,0.088,,,,
ES0021000000488639HR,2025/03/19,03:00,0.065,,,,
ES0021000000488639HR,2025/03/19,04:00,0.032,,,,
ES0021000000488639HR,2025/03/19,05:00,0.044,,,,
ES0021000000488639HR,2025/03/19,06:00,0.037,,,,
ES0021000000488639HR,2025/03/19,07:00,0.193,,,,
ES0021000000488639HR,2025/03/19,08:00,0.292,,,,
ES0021000000488639HR,2025/03/19,09:00,0.294,,,,
ES0021000000488639HR,2025/03/19,10:00,1.419,,,,
ES0021000000488639HR,2025/03/19,11:00,0.03,,,,
ES0021000000488639HR,2025/03/19,12:00,0.042,,,,
ES0021000000488639HR,2025/03/19,13:00,0.034,,,,
ES0021000000488639HR,2025/03/19,14:00,0.094,,,,
ES0021000000488639HR,2025/03/19,15:00,0.04,,,,
ES0021000000488639HR,2025/03/19,16:00,0.041,,,,
ES0021000000488639HR,2025/03/19,17:00,0.028,,,,
ES0021000000488639HR,2025/03/19,18:00,0.52,,,,
ES0021000000488639HR,2025/03/19,19:00,0.895,,,,
ES0021000000488639HR,2025/03/19,20:00,1.339,,,,
ES0021000000488639HR,2025/03/19,21:00,0.561,,,,
ES0021000000488639HR,2025/03/19,22:00,0.108,,,,
ES0021000000488639HR,2025/03/19,23:00,0.106,,,,
ES0021000000488639HR,2025/03/19,24:00,0.483,,,,
ES0021000000488639HR,2025/03/20,01:00,0.099,,,,
ES0021000000488639HR,2025/03/20,02:00,0.057,,,,
ES0021000000488639HR,2025/03/20,03:00,0.03,,,,
ES0021000000488639HR,2025/03/20,04:00,0.041,,,,
ES0021000000488639HR,2025/03/20,05:00,0.046,,,,
ES0021000000488639HR,2025/03/20,06:00,0.028,,,,
ES0021000000488639HR,2025/03/20,07:00,0.29,,,,
ES0021000000488639HR,2025/03/20,08:00,0.298,,,,
ES0021000000488639HR,2025/03/20,09:00,0.105,,,,
ES0021000000488639HR,2025/03/20,10:00,0.028,,,,
ES0021000000488639HR,2025/03/20,11:00,0.043,,,,
ES0021000000488639HR,2025/03/20,12:00,0.074,,,,
ES0021000000488639HR,2025/03/20,13:00,0.05,,,,
ES0021000000488639HR,2025/03/20,14:00,0.038,,,,
ES0021000000488639HR,2025/03/20,15:00,0.458,,,,
ES0021000000488639HR,2025/03/20,16:00,0.984,,,,
ES0021000000488639HR,2025/03/20,17:00,0.038,,,,
ES0021000000488639HR,2025/03/20,18:00,0.047,,,,
ES0021000000488639HR,2025/03/20,19:00,1.559,,,,
ES0021000000488639HR,2025/03/20,20:00,1.591,,,,
ES0021000000488639HR,2025/03/20,21:00,0.396,,,,
ES0021000000488639HR,2025/03/20,22:00,0.077,,,,
ES0021000000488639HR,2025/03/20,23:00,0.101,,,,
ES0021000000488639HR,2025/03/20,24:00,0.112,,,,
ES0021000000488639HR,2025/03/21,01:00,0.387,,,,
ES0021000000488639HR,2025/03/21,02:00,0.049,,,,
ES0021000000488639HR,2025/03/21,03:00,0.099,,,,
ES0021000000488639HR,2025/03/21,04:00,0.054,,,,
ES0021000000488639HR,2025/03/21,05:00,0.031,,,,
ES0021000000488639HR,2025/03/21,06:00,0.043,,,,
ES0021000000488639HR,2025/03/21,07:00,0.121,,,,
ES0021000000488639HR,2025/03/21,08:00,0.039,,,,
ES0021000000488639HR,2025/03/21,09:00,0.674,,,,
ES0021000000488639HR,2025/03/21,10:00,0.049,,,,
ES0021000000488639HR,2025/03/21,11:00,0.043,,,,
ES0021000000488639HR,2025/03/21,12:00,0.026,,,,
ES0021000000488639HR,2025/03/21,13:00,0.041,,,,
ES0021000000488639HR,2025/03/21,14:00,0.08,,,,
ES0021000000488639HR,2025/03/21,15:00,0.117,,,,
ES0021000000488639HR,2025/03/21,16:00,0.105,,,,
ES0021000000488639HR,2025/03/21,17:00,0.101,,,,
ES0021000000488639HR,2025/03/21,18:00,0.113,,,,
ES0021000000488639HR,2025/03/21,19:00,0.173,,,,
ES0021000000488639HR,2025/03/21,20:00,0.479,,,,
ES0021000000488639HR,2025/03/21,21:00,0.97,,,,
ES0021000000488639HR,2025/03/21,22:00,1.505,,,,
ES0021000000488639HR,2025/03/21,23:00,0.122,,,,
ES0021000000488639HR,2025/03/21,24:00,0.997,,,,
ES0021000000488639HR,2025/03/22,01:00,1.392,,,,
ES0021000000488639HR,2025/03/22,02:00,0.049,,,,
ES0021000000488639HR,2025/03/22,03:00,0.037,,,,
ES0021000000488639HR,2025/03/22,04:00,0.039,,,,
ES0021000000488639HR,2025/03/22,05:00,0.039,,,,
ES0021000000488639HR,2025/03/22,06:00,0.031,,,,
ES0021000000488639HR,2025/03/22,07:00,0.046,,,,
ES0021000000488639HR,2025/03/22,08:00,0.026,,,,
ES0021000000488639HR,2025/03/22,09:00,0.043,,,,
ES0021000000488639HR,2025/03/22,10:00,0.712,,,,
ES0021000000488639HR,2025/03/22,11:00,0.032,,,,
ES0021000000488639HR,2025/03/22,12:00,0.053,,,,
ES0021000000488639HR,2025/03/22,13:00,0.057,,,,
ES0021000000488639HR,2025/03/22,14:00,0.278,,,,
ES0021000000488639HR,2025/03/22,15:00,0.142,,,,
ES0021000000488639HR,2025/03/22,16:00,0.44,,,,
ES0021000000488639HR,2025/03/22,17:00,0.031,,,,
ES0021000000488639HR,2025/03/22,18:00,0.61,,,,
ES0021000000488639HR,2025/03/22,19:00,0.269,,,,
ES0021000000488639HR,2025/03/22,20:00,1.897,,,,
ES0021000000488639HR,2025/03/22,21:00,1.93,,,,
ES0021000000488639HR,2025/03/22,22:00,0.138,,,,
ES0021000000488639HR,2025/03/22,23:00,0.109,,,,
ES0021000000488639HR,2025/03/22,24:00,0.032,,,,
ES0021000000488639HR,2025/03/23,01:00,0.041,,,,
ES0021000000488639HR,2025/03/23,02:00,0.081,,,,
ES0021000000488639HR,2025/03/23,03:00,0.054,,,,
ES0021000000488639HR,2025/03/23,04:00,0.039,,,,
ES0021000000488639HR,2025/03/23,05:00,0.45,,,,
ES0021000000488639HR,2025/03/23,06:00,0.594,,,,
ES0021000000488639HR,2025/03/23,07:00,0.471,,,,
ES0021000000488639HR,2025/03/23,08:00,0.028,,,,
ES0021000000488639HR,2025/03/23,09:00,0.045,,,,
ES0021000000488639HR,2025/03/23,10:00,0.152,,,,
ES0021000000488639HR,2025/03/23,11:00,0.208,,,,
ES0021000000488639HR,2025/03/23,12:00,1.427,,,,
ES0021000000488639HR,2025/03/23,13:00,1.558,,,,
ES0021000000488639HR,2025/03/23,14:00,0.35,,,,
ES0021000000488639HR,2025/03/23,15:00,2.08,,,,
ES0021000000488639HR,2025/03/23,16:00,0.235,,,,
ES0021000000488639HR,2025/03/23,17:00,0.108,,,,
ES0021000000488639HR,2025/03/23,18:00,0.45,,,,
ES0021000000488639HR,2025/03/23,19:00,0.127,,,,
ES0021000000488639HR,2025/03/23,20:00,0.172,,,,
ES0021000000488639HR,2025/03/23,21:00,1.844,,,,
ES0021000000488639HR,2025/03/23,22:00,1.54,,,,
ES0021000000488639HR,2025/03/23,23:00,0.185,,,,
ES0021000000488639HR,2025/03/23,24:00,0.121,,,,
ES0021000000488639HR,2025/03/24,01:00,0.128,,,,
ES0021000000488639HR,2025/03/24,02:00,0.033,,,,
ES0021000000488639HR,2025/03/24,03:00,0.039,,,,
ES0021000000488639HR,2025/03/24,04:00,0.042,,,,
ES0021000000488639HR,2025/03/24,05:00,0.096,,,,
ES0021000000488639HR,2025/03/24,06:00,0.052,,,,
ES0021000000488639HR,2025/03/24,07:00,0.111,,,,
ES0021000000488639HR,2025/03/24,08:00,0.036,,,,
ES0021000000488639HR,2025/03/24,09:00,0.569,,,,
ES0021000000488639HR,2025/03/24,10:00,0.05,,,,
ES0021000000488639HR,2025/03/24,11:00,0.038,,,,
ES0021000000488639HR,2025/03/24,12:00,0.029,,,,
ES0021000000488639HR,2025/03/24,13:00,0.047,,,,
ES0021000000488639HR,2025/03/24,14:00,0.031,,,,
ES0021000000488639HR,2025/03/24,15:00,0.09,,,,
ES0021000000488639HR,2025/03/24,16:00,0.147,,,,
ES0021000000488639HR,2025/03/24,17:00,0.118,,,,
ES0021000000488639HR,2025/03/24,18:00,0.098,,,,
ES0021000000488639HR,2025/03/24,19:00,0.049,,,,
ES0021000000488639HR,2025/03/24,20:00,1.358,,,,
ES0021000000488639HR,2025/03/24,21:00,1.612,,,,
ES0021000000488639HR,2025/03/24,22:00,1.546,,,,
ES0021000000488639HR,2025/03/24,23:00,0.105,,,,
ES0021000000488639HR,2025/03/24,24:00,0.05,,,,
ES0021000000488639HR,2025/03/25,01:00,0.049,,,,
ES0021000000488639HR,2025/03/25,02:00,0.029,,,,
ES0021000000488639HR,2025/03/25,03:00,0.046,,,,
ES0021000000488639HR,2025/03/25,04:00,0.038,,,,
ES0021000000488639HR,2025/03/25,05:00,0.089,,,,
ES0021000000488639HR,2025/03/25,06:00,0.052,,,,
ES0021000000488639HR,2025/03/25,07:00,0.042,,,,
ES0021000000488639HR,2025/03/25,08:00,0.039,,,,
ES0021000000488639HR,2025/03/25,09:00,0.594,,,,
ES0021000000488639HR,2025/03/25,10:00,0.129,,,,
ES0021000000488639HR,2025/03/25,11:00,0.05,,,,
ES0021000000488639HR,2025/03/25,12:00,0.031,,,,
ES0021000000488639HR,2025/03/25,13:00,0.038,,,,
ES0021000000488639HR,2025/03/25,14:00,0.04,,,,
ES0021000000488639HR,2025/03/25,15:00,0.073,,,,
ES0021000000488639HR,2025/03/25,16:00,0.905,,,,
ES0021000000488639HR,2025/03/25,17:00,0.028,,,,
ES0021000000488639HR,2025/03/25,18:00,0.046,,,,
ES0021000000488639HR,2025/03/25,19:00,0.564,,,,
ES0021000000488639HR,2025/03/25,20:00,2.103,,,,
ES0021000000488639HR,2025/03/25,21:00,0.595,,,,
ES0021000000488639HR,2025/03/25,22:00,1.642,,,,
ES0021000000488639HR,2025/03/25,23:00,0.282,,,,
ES0021000000488639HR,2025/03/25,24:00,0.089,,,,
ES0021000000488639HR,2025/03/26,01:00,0.033,,,,
ES0021000000488639HR,2025/03/26,02:00,0.04,,,,
ES0021000000488639HR,2025/03/26,03:00,0.047,,,,
ES0021000000488639HR,2025/03/26,04:00,0.095,,,,
ES0021000000488639HR,2025/03/26,05:00,0.098,,,,
ES0021000000488639HR,2025/03/26,06:00,0.034,,,,
ES0021000000488639HR,2025/03/26,07:00,0.151,,,,
ES0021000000488639HR,2025/03/26,08:00,0.054,,,,
ES0021000000488639HR,2025/03/26,09:00,0.572,,,,
ES0021000000488639HR,2025/03/26,10:00,0.056,,,,
ES0021000000488639HR,2025/03/26,11:00,0.042,,,,
ES0021000000488639HR,2025/03/26,12:00,0.028,,,,
ES0021000000488639HR,2025/03/26,13:00,0.049,,,,
ES0021000000488639HR,2025/03/26,14:00,0.271,,,,
ES0021000000488639HR,2025/03/26,15:00,0.204,,,,
ES0021000000488639HR,2025/03/26,16:00,0.039,,,,
ES0021000000488639HR,2025/03/26,17:00,0.03,,,,
ES0021000000488639HR,2025/03/26,18:00,0.055,,,,
ES0021000000488639HR,2025/03/26,19:00,0.052,,,,
ES0021000000488639HR,2025/03/26,20:00,0.312,,,,
ES0021000000488639HR,2025/03/26,21:00,0.155,,,,
ES0021000000488639HR,2025/03/26,22:00,0.166,,,,
ES0021000000488639HR,2025/03/26,23:00,0.403,,,,
ES0021000000488639HR,2025/03/26,24:00,1.789,,,,
ES0021000000488639HR,2025/03/27,01:00,0.676,,,,
ES0021000000488639HR,2025/03/27,02:00,0.052,,,,
ES0021000000488639HR,2025/03/27,03:00,0.035,,,,
ES0021000000488639HR,2025/03/27,04:00,0.054,,,,
ES0021000000488639HR,2025/03/27,05:00,0.035,,,,
ES0021000000488639HR,2025/03/27,06:00,0.059,,,,
ES0021000000488639HR,2025/03/27,07:00,0.147,,,,
ES0021000000488639HR,2025/03/27,08:00,0.689,,,,
ES0021000000488639HR,2025/03/27,09:00,0.368,,,,
ES0021000000488639HR,2025/03/27,10:00,0.054,,,,
ES0021000000488639HR,2025/03/27,11:00,0.046,,,,
ES0021000000488639HR,2025/03/27,12:00,0.032,,,,
ES0021000000488639HR,2025/03/27,13:00,0.051,,,,
ES0021000000488639HR,2025/03/27,14:00,0.06,,,,
ES0021000000488639HR,2025/03/27,15:00,0.239,,,,
ES0021000000488639HR,2025/03/27,16:00,0.489,,,,
ES0021000000488639HR,2025/03/27,17:00,0.095,,,,
ES0021000000488639HR,2025/03/27,18:00,0.225,,,,
ES0021000000488639HR,2025/03/27,19:00,0.808,,,,
ES0021000000488639HR,2025/03/27,20:00,0.034,,,,
ES0021000000488639HR,2025/03/27,21:00,0.042,,,,
ES0021000000488639HR,2025/03/27,22:00,1.514,,,,
ES0021000000488639HR,2025/03/27,23:00,1.982,,,,
ES0021000000488639HR,2025/03/27,24:00,0.879,,,,
ES0021000000488639HR,2025/03/28,01:00,1.206,,,,
ES0021000000488639HR,2025/03/28,02:00,0.031,,,,
ES0021000000488639HR,2025/03/28,03:00,0.1,,,,
ES0021000000488639HR,2025/03/28,04:00,0.055,,,,
ES0021000000488639HR,2025/03/28,05:00,0.045,,,,
ES0021000000488639HR,2025/03/28,06:00,0.04,,,,
ES0021000000488639HR,2025/03/28,07:00,0.033,,,,
ES0021000000488639HR,2025/03/28,08:00,0.048,,,,
ES0021000000488639HR,2025/03/28,09:00,0.032,,,,
ES0021000000488639HR,2025/03/28,10:00,0.194,,,,
ES0021000000488639HR,2025/03/28,11:00,0.945,,,,
ES0021000000488639HR,2025/03/28,12:00,0.897,,,,
ES0021000000488639HR,2025/03/28,13:00,0.438,,,,
ES0021000000488639HR,2025/03/28,14:00,0.792,,,,
ES0021000000488639HR,2025/03/28,15:00,1.756,,,,
ES0021000000488639HR,2025/03/28,16:00,1.004,,,,
ES0021000000488639HR,2025/03/28,17:00,0.934,,,,
ES0021000000488639HR,2025/03/28,18:00,0.15,,,,
ES0021000000488639HR,2025/03/28,19:00,0.095,,,,
ES0021000000488639HR,2025/03/28,20:00,0.048,,,,
ES0021000000488639HR,2025/03/28,21:00,0.26,,,,
ES0021000000488639HR,2025/03/28,22:00,1.351,,,,
ES0021000000488639HR,2025/03/28,23:00,1.845,,,,
ES0021000000488639HR,2025/03/28,24:00,0.524,,,,
ES0021000000488639HR,2025/03/29,01:00,0.069,,,,
ES0021000000488639HR,2025/03/29,02:00,0.064,,,,
ES0021000000488639HR,2025/03/29,03:00,0.084,,,,
ES0021000000488639HR,2025/03/29,04:00,0.098,,,,
ES0021000000488639HR,2025/03/29,05:00,0.06,,,,
ES0021000000488639HR,2025/03/29,06:00,0.055,,,,
ES0021000000488639HR,2025/03/29,07:00,0.053,,,,
ES0021000000488639HR,2025/03/29,08:00,0.866,,,,
ES0021000000488639HR,2025/03/29,09:00,1.215,,,,
ES0021000000488639HR,2025/03/29,10:00,1.978,,,,
ES0021000000488639HR,2025/03/29,11:00,1.867,,,,
ES0021000000488639HR,2025/03/29,12:00,0.846,,,,
ES0021000000488639HR,2025/03/29,13:00,0.033,,,,
ES0021000000488639HR,2025/03/29,14:00,0.09,,,,
ES0021000000488639HR,2025/03/29,15:00,0.052,,,,
ES0021000000488639HR,2025/03/29,16:00,0.041,,,,
ES0021000000488639HR,2025/03/29,17:00,0.037,,,,
ES0021000000488639HR,2025/03/29,18:00,0.044,,,,
ES0021000000488639HR,2025/03/29,19:00,0.461,,,,
ES0021000000488639HR,2025/03/29,20:00,0.311,,,,
ES0021000000488639HR,2025/03/29,21:00,1.619,,,,
ES0021000000488639HR,2025/03/29,22:00,1.496,,,,
ES0021000000488639HR,2025/03/29,23:00,0.213,,,,
ES0021000000488639HR,2025/03/29,24:00,0.078,,,,
ES0021000000488639HR,2025/03/30,01:00,0.039,,,,
ES0021000000488639HR,2025/03/30,03:00,0.045,,,,
ES0021000000488639HR,2025/03/30,04:00,0.039,,,,
ES0021000000488639HR,2025/03/30,05:00,0.046,,,,
ES0021000000488639HR,2025/03/30,06:00,0.049,,,,
ES0021000000488639HR,2025/03/30,07:00,0.037,,,,
ES0021000000488639HR,2025/03/30,08:00,0.476,,,,
ES0021000000488639HR,2025/03/30,09:00,0.03,,,,
ES0021000000488639HR,2025/03/30,10:00,0.049,,,,
ES0021000000488639HR,2025/03/30,11:00,0.259,,,,
ES0021000000488639HR,2025/03/30,12:00,0.585,,,,
ES0021000000488639HR,2025/03/30,13:00,0.082,,,,
ES0021000000488639HR,2025/03/30,14:00,1.104,,,,
ES0021000000488639HR,2025/03/30,15:00,2.836,,,,
ES0021000000488639HR,2025/03/30,16:00,0.511,,,,
ES0021000000488639HR,2025/03/30,17:00,0.627,,,,
ES0021000000488639HR,2025/03/30,18:00,0.404,,,,
ES0021000000488639HR,2025/03/30,19:00,0.074,,,,
ES0021000000488639HR,2025/03/30,20:00,0.628,,,,
ES0021000000488639HR,2025/03/30,21:00,1.916,,,,
ES0021000000488639HR,2025/03/30,22:00,1.631,,,,
ES0021000000488639HR,2025/03/30,23:00,1.139,,,,
ES0021000000488639HR,2025/03/30,24:00,1.261,,,,
ES0021000000488639HR,2025/03/31,01:00,0.051,,,,
ES0021000000488639HR,2025/03/31,02:00,0.037,,,,
ES0021000000488639HR,2025/03/31,03:00,0.057,,,,
ES0021000000488639HR,2025/03/31,04:00,0.034,,,,
ES0021000000488639HR,2025/03/31,05:00,0.052,,,,
ES0021000000488639HR,2025/03/31,06:00,0.03,,,,
ES0021000000488639HR,2025/03/31,07:00,0.05,,,,
ES0021000000488639HR,2025/03/31,08:00,0.081,,,,
ES0021000000488639HR,2025/03/31,09:00,0.06,,,,
ES0021000000488639HR,2025/03/31,10:00,0.314,,,,
ES0021000000488639HR,2025/03/31,11:00,0.526,,,,
ES0021000000488639HR,2025/03/31,12:00,0.444,,,,
ES0021000000488639HR,2025/03/31,13:00,0.784,,,,
ES0021000000488639HR,2025/03/31,14:00,0.063,,,,
ES0021000000488639HR,2025/03/31,15:00,1.011,,,,
ES0021000000488639HR,2025/03/31,16:00,1.706,,,,
ES0021000000488639HR,2025/03/31,17:00,0.923,,,,
ES0021000000488639HR,2025/03/31,18:00,0.076,,,,
ES0021000000488639HR,2025/03/31,19:00,0.072,,,,
ES0021000000488639HR,2025/03/31,20:00,0.069,,,,
ES0021000000488639HR,2025/03/31,21:00,0.06,,,,
ES0021000000488639HR,2025/03/31,22:00,0.317,,,,
ES0021000000488639HR,2025/03/31,23:00,2.187,,,,
ES0021000000488639HR,2025/03/31,24:00,0.587,,,,
