categoria,serie,tipo,fecha,valor,porcentaje
generacion,Renovable,Renovable,2022-12-31 23:00:00+00:00,283043.231,0.5164301817226346
generacion,No renovable,No renovable,2022-12-31 23:00:00+00:00,265033.239,0.4835698182773656
generacion,Renovable,Renovable,2023-01-01 23:00:00+00:00,279005.7175,0.4276136185451999
generacion,No renovable,No renovable,2023-01-01 23:00:00+00:00,373465.8255,0.5723863814548
generacion,Renovable,Renovable,2023-01-02 23:00:00+00:00,298857.667,0.42817790286310586
generacion,No renovable,No renovable,2023-01-02 23:00:00+00:00,399117.789,0.5718220971368941
generacion,Renovable,Renovable,2023-01-03 23:00:00+00:00,284841.347,0.4350741731972543
generacion,No renovable,No renovable,2023-01-03 23:00:00+00:00,369854.713,0.5649258268027456
generacion,Renovable,Renovable,2023-01-04 23:00:00+00:00,267207.8305,0.4038035348212668
generacion,No renovable,No renovable,2023-01-04 23:00:00+00:00,394519.4885,0.5961964651787333
generacion,No renovable,No renovable,2023-01-05 23:00:00+00:00,329042.462,0.5294777346269597
generacion,Renovable,Renovable,2023-01-05 23:00:00+00:00,292404.75,0.4705222653730402
generacion,Renovable,Renovable,2023-01-06 23:00:00+00:00,430306.523,0.6296256111334405
generacion,No renovable,No renovable,2023-01-06 23:00:00+00:00,253125.846,0.37037438886655955
generacion,No renovable,No renovable,2023-01-07 23:00:00+00:00,229513.812,0.32050053031406733
generacion,Renovable,Renovable,2023-01-07 23:00:00+00:00,486596.741,0.6794994696859327
generacion,Renovable,Renovable,2023-01-08 23:00:00+00:00,469144.328,0.610882022049226
generacion,No renovable,No renovable,2023-01-08 23:00:00+00:00,298834.285,0.389117977950774
generacion,Renovable,Renovable,2023-01-09 23:00:00+00:00,424747.9705,0.5559515689746825
generacion,No renovable,No renovable,2023-01-09 23:00:00+00:00,339253.7775,0.4440484310253175
generacion,Renovable,Renovable,2023-01-10 23:00:00+00:00,402807.9075,0.54012190309359
generacion,No renovable,No renovable,2023-01-10 23:00:00+00:00,342964.3065,0.4598780969064101
generacion,No renovable,No renovable,2023-01-11 23:00:00+00:00,343019.36,0.4656017914042666
generacion,Renovable,Renovable,2023-01-11 23:00:00+00:00,393703.235,0.5343982085957334
generacion,Renovable,Renovable,2023-01-12 23:00:00+00:00,392576.0905,0.5331414426477146
generacion,No renovable,No renovable,2023-01-12 23:00:00+00:00,343769.0125,0.46685855735228543
generacion,No renovable,No renovable,2023-01-13 23:00:00+00:00,293920.6915,0.4249283949919196
generacion,Renovable,Renovable,2023-01-13 23:00:00+00:00,397773.9445,0.5750716050080805
generacion,No renovable,No renovable,2023-01-14 23:00:00+00:00,270806.809,0.38685526710523876
generacion,Renovable,Renovable,2023-01-14 23:00:00+00:00,429214.186,0.6131447328947612
generacion,No renovable,No renovable,2023-01-15 23:00:00+00:00,256828.8585,0.3206858921479218
generacion,Renovable,Renovable,2023-01-15 23:00:00+00:00,544044.7215,0.6793141078520782
generacion,No renovable,No renovable,2023-01-16 23:00:00+00:00,250076.8115,0.31881093262878035
generacion,Renovable,Renovable,2023-01-16 23:00:00+00:00,534327.9435,0.6811890673712195
generacion,Renovable,Renovable,2023-01-17 23:00:00+00:00,531251.225,0.6627228748261963
generacion,No renovable,No renovable,2023-01-17 23:00:00+00:00,270367.74,0.33727712517380376
generacion,No renovable,No renovable,2023-01-18 23:00:00+00:00,280746.0385,0.3354493644400036
generacion,Renovable,Renovable,2023-01-18 23:00:00+00:00,556179.1975,0.6645506355599964
generacion,No renovable,No renovable,2023-01-19 23:00:00+00:00,335809.3855,0.4159985579598716
generacion,Renovable,Renovable,2023-01-19 23:00:00+00:00,471427.5125,0.5840014420401284
generacion,No renovable,No renovable,2023-01-20 23:00:00+00:00,287718.9235,0.385724168941989
generacion,Renovable,Renovable,2023-01-20 23:00:00+00:00,458199.9135,0.614275831058011
generacion,No renovable,No renovable,2023-01-21 23:00:00+00:00,281142.108,0.3638747947100948
generacion,Renovable,Renovable,2023-01-21 23:00:00+00:00,491492.084,0.6361252052899051
generacion,No renovable,No renovable,2023-01-22 23:00:00+00:00,314866.745,0.3685713906986958
generacion,Renovable,Renovable,2023-01-22 23:00:00+00:00,539422.961,0.6314286093013042
generacion,No renovable,No renovable,2023-01-23 23:00:00+00:00,357323.7315,0.427447149840652
generacion,Renovable,Renovable,2023-01-23 23:00:00+00:00,478624.5995,0.572552850159348
generacion,No renovable,No renovable,2023-01-24 23:00:00+00:00,349225.2415,0.41845011726732156
generacion,Renovable,Renovable,2023-01-24 23:00:00+00:00,485343.1505,0.5815498827326784
generacion,Renovable,Renovable,2023-01-25 23:00:00+00:00,548416.364,0.6266204568207449
generacion,No renovable,No renovable,2023-01-25 23:00:00+00:00,326780.668,0.37337954317925526
generacion,No renovable,No renovable,2023-01-26 23:00:00+00:00,310536.1905,0.34832634797741785
generacion,Renovable,Renovable,2023-01-26 23:00:00+00:00,580973.1435,0.6516736520225822
generacion,No renovable,No renovable,2023-01-27 23:00:00+00:00,295164.4955,0.363325088726855
generacion,Renovable,Renovable,2023-01-27 23:00:00+00:00,517233.2845,0.636674911273145
generacion,No renovable,No renovable,2023-01-28 23:00:00+00:00,316467.555,0.41838130966958015
generacion,Renovable,Renovable,2023-01-28 23:00:00+00:00,439941.844,0.5816186903304199
generacion,No renovable,No renovable,2023-01-29 23:00:00+00:00,399714.9365,0.49023062132818634
generacion,Renovable,Renovable,2023-01-29 23:00:00+00:00,415646.0775,0.5097693786718137
generacion,Renovable,Renovable,2023-01-30 23:00:00+00:00,465925.146,0.5425073673973617
generacion,No renovable,No renovable,2023-01-30 23:00:00+00:00,392911.386,0.4574926326026383
